Title,Rating
A Light in the Attic,Three
Tipping the Velvet,One
Soumission,One
Sharp Objects,Four
Sapiens: A Brief History of Humankind,Five
The Requiem Red,One
The Dirty Little Secrets of Getting Your Dream Job,Four
"The Coming Woman: A Novel Based on the Life of the Infamous Feminist, Victoria Woodhull",Three
The Boys in the Boat: Nine Americans and Their Epic Quest for Gold at the 1936 Berlin Olympics,Four
The Black Maria,One
"Starving Hearts (Triangular Trade Trilogy, #1)",Two
Shakespeare's Sonnets,Four
Set Me Free,Five
Scott Pilgrim's Precious Little Life (Scott Pilgrim #1),Five
Rip it Up and Start Again,Five
"Our Band Could Be Your Life: Scenes from the American Indie Underground, 1981-1991",Three
Olio,One
Mesaerion: The Best Science Fiction Stories 1800-1849,One
Libertarianism for Beginners,Two
It's Only the Himalayas,Two
In Her Wake,One
How Music Works,Two
"Foolproof Preserving: A Guide to Small Batch Jams, Jellies, Pickles, Condiments, and More: A Foolproof Guide to Making Small Batch Jams, Jellies, Pickles, Condiments, and More",Three
Chase Me (Paris Nights #2),Five
Black Dust,Five
Birdsong: A Story in Pictures,Three
America's Cradle of Quarterbacks: Western Pennsylvania's Football Factory from Johnny Unitas to Joe Montana,Three
Aladdin and His Wonderful Lamp,Three
Worlds Elsewhere: Journeys Around Shakespeareâs Globe,Five
Wall and Piece,Four
The Four Agreements: A Practical Guide to Personal Freedom,Five
The Five Love Languages: How to Express Heartfelt Commitment to Your Mate,Three
The Elephant Tree,Five
The Bear and the Piano,One
Sophie's World,Five
Penny Maybe,Three
Maude (1883-1993):She Grew Up with the country,Two
"In a Dark, Dark Wood",One
Behind Closed Doors,Four
You can't bury them all: Poems,Two
Slow States of Collapse: Poems,Three
Reasons to Stay Alive,Two
Private Paris (Private #10),Five
#HigherSelfie: Wake Up Your Life. Free Your Soul. Find Your Tribe.,Five
Without Borders (Wanderlove #1),Two
When We Collided,One
"We Love You, Charlie Freeman",Five
Untitled Collection: Sabbath Poems 2014,Four
"Unseen City: The Majesty of Pigeons, the Discreet Charm of Snails & Other Wonders of the Urban Wilderness",Four
Unicorn Tracks,Three
"Unbound: How Eight Technologies Made Us Human, Transformed Society, and Brought Our World to the Brink",One
Tsubasa: WoRLD CHRoNiCLE 2 (Tsubasa WoRLD CHRoNiCLE #2),One
Throwing Rocks at the Google Bus: How Growth Became the Enemy of Prosperity,Three
This One Summer,Four
Thirst,Five
The Torch Is Passed: A Harding Family Story,One
The Secret of Dreadwillow Carse,One
"The Pioneer Woman Cooks: Dinnertime: Comfort Classics, Freezer Food, 16-Minute Meals, and Other Delicious Ways to Solve Supper!",One
The Past Never Ends,Four
The Natural History of Us (The Fine Art of Pretending #2),Three
The Nameless City (The Nameless City #1),Four
The Murder That Never Was (Forensic Instincts #5),Three
The Most Perfect Thing: Inside (and Outside) a Bird's Egg,Four
"The Mindfulness and Acceptance Workbook for Anxiety: A Guide to Breaking Free from Anxiety, Phobias, and Worry Using Acceptance and Commitment Therapy",Four
The Life-Changing Magic of Tidying Up: The Japanese Art of Decluttering and Organizing,Three
"The Inefficiency Assassin: Time Management Tactics for Working Smarter, Not Longer",Five
The Gutsy Girl: Escapades for Your Life of Epic Adventure,One
The Electric Pencil: Drawings from Inside State Hospital No. 3,One
The Death of Humanity: and the Case for Life,Four
"The Bulletproof Diet: Lose up to a Pound a Day, Reclaim Energy and Focus, Upgrade Your Life",Three
The Art Forger,Three
The Age of Genius: The Seventeenth Century and the Birth of the Modern Mind,One
The Activist's Tao Te Ching: Ancient Advice for a Modern Revolution,Five
Spark Joy: An Illustrated Master Class on the Art of Organizing and Tidying Up,Four
Soul Reader,Two
Security,Two
"Saga, Volume 6 (Saga (Collected Editions) #6)",Three
"Saga, Volume 5 (Saga (Collected Editions) #5)",Two
Reskilling America: Learning to Labor in the Twenty-First Century,Two
"Rat Queens, Vol. 3: Demons (Rat Queens (Collected Editions) #11-15)",Three
"Princess Jellyfish 2-in-1 Omnibus, Vol. 01 (Princess Jellyfish 2-in-1 Omnibus #1)",Five
Princess Between Worlds (Wide-Awake Princess #5),Five
"Pop Gun War, Volume 1: Gift",One
"Political Suicide: Missteps, Peccadilloes, Bad Calls, Backroom Hijinx, Sordid Pasts, Rotten Breaks, and Just Plain Dumb Mistakes in the Annals of American Politics",Two
Patience,Three
"Outcast, Vol. 1: A Darkness Surrounds Him (Outcast #1)",Four
orange: The Complete Collection 1 (orange: The Complete Collection #1),One
Online Marketing for Busy Authors: A Step-By-Step Guide,One
On a Midnight Clear,Three
Obsidian (Lux #1),Two
My Paris Kitchen: Recipes and Stories,Two
Masks and Shadows,Two
"Mama Tried: Traditional Italian Cooking for the Screwed, Crude, Vegan, and Tattooed",Four
"Lumberjanes, Vol. 2: Friendship to the Max (Lumberjanes #5-8)",Two
"Lumberjanes, Vol. 1: Beware the Kitten Holy (Lumberjanes #1-4)",Three
Lumberjanes Vol. 3: A Terrible Plan (Lumberjanes #9-12),Two
"Layered: Baking, Building, and Styling Spectacular Cakes",One
Judo: Seven Steps to Black Belt (an Introductory Guide for Beginners),Two
Join,Five
In the Country We Love: My Family Divided,Four
Immunity: How Elie Metchnikoff Changed the Course of Modern Medicine,Five
"I Hate Fairyland, Vol. 1: Madly Ever After (I Hate Fairyland (Compilations) #1-5)",Two
I am a Hero Omnibus Volume 1,Three
How to Be Miserable: 40 Strategies You Already Use,One
Her Backup Boyfriend (The Sorensen Family #1),One
"Giant Days, Vol. 2 (Giant Days #5-8)",Two
Forever and Forever: The Courtship of Henry Longfellow and Fanny Appleton,Three
First and First (Five Boroughs #3),Four
Fifty Shades Darker (Fifty Shades #2),One
Everydata: The Misinformation Hidden in the Little Data You Consume Every Day,Two
"Don't Be a Jerk: And Other Practical Advice from Dogen, Japan's Greatest Zen Master",Two
Danganronpa Volume 1,Four
Crown of Midnight (Throne of Glass #2),Three
"Codename Baboushka, Volume 1: The Conclave of Death",Four
Camp Midnight,Four
Call the Nurse: True Stories of a Country Nurse on a Scottish Isle,Five
Burning,Three
Bossypants,Two
"Bitch Planet, Vol. 1: Extraordinary Machine (Bitch Planet (Collected Editions))",Two
"Avatar: The Last Airbender: Smoke and Shadow, Part 3 (Smoke and Shadow #3)",Two
Algorithms to Live By: The Computer Science of Human Decisions,One
A World of Flavor: Your Gluten Free Passport,One
"A Piece of Sky, a Grain of Rice: A Memoir in Four Meditations",Five
A Murder in Time,One
A Flight of Arrows (The Pathfinders #2),Five
A Fierce and Subtle Poison,Four
A Court of Thorns and Roses (A Court of Thorns and Roses #1),One
(Un)Qualified: How God Uses Broken People to Do Big Things,Five
You Are What You Love: The Spiritual Power of Habit,Four
"William Shakespeare's Star Wars: Verily, A New Hope (William Shakespeare's Star Wars #4)",Four
Tuesday Nights in 1980,Two
Tracing Numbers on a Train,Three
Throne of Glass (Throne of Glass #1),Three
Thomas Jefferson and the Tripoli Pirates: The Forgotten War That Changed American History,One
Thirteen Reasons Why,One
The White Cat and the Monk: A Retelling of the Poem âPangur BÃ¡nâ,Four
The Wedding Dress,One
The Vacationers,Four
The Third Wave: An Entrepreneurâs Vision of the Future,Five
The Stranger,Four
The Shadow Hero (The Shadow Hero),One
The Secret (The Secret #1),Four
The Regional Office Is Under Attack!,Five
The Psychopath Test: A Journey Through the Madness Industry,Two
The Project,One
The Power of Now: A Guide to Spiritual Enlightenment,Two
The Omnivore's Dilemma: A Natural History of Four Meals,Two
The Nerdy Nummies Cookbook: Sweet Treats for the Geek in All of Us,Five
The Murder of Roger Ackroyd (Hercule Poirot #4),Four
The Mistake (Off-Campus #2),Three
The Matchmaker's Playbook (Wingmen Inc. #1),One
The Love and Lemons Cookbook: An Apple-to-Zucchini Celebration of Impromptu Cooking,Two
The Long Shadow of Small Ghosts: Murder and Memory in an American City,One
The Kite Runner,Four
The House by the Lake,One
The Glittering Court (The Glittering Court #1),One
The Girl on the Train,Two
The Genius of Birds,One
The Emerald Mystery,Two
The Cookies & Cups Cookbook: 125+ sweet & savory recipes reminding you to Always Eat Dessert First,One
The Bridge to Consciousness: I'm Writing the Bridge Between Science and Our Old and New Beliefs.,Three
The Artist's Way: A Spiritual Path to Higher Creativity,Five
The Art of War,Five
The Argonauts,Two
The 10% Entrepreneur: Live Your Startup Dream Without Quitting Your Day Job,Three
Suddenly in Love (Lake Haven #1),Two
Something More Than This,Four
Soft Apocalypse,Two
So You've Been Publicly Shamed,Two
Shoe Dog: A Memoir by the Creator of NIKE,Two
"Shobu Samurai, Project Aryoku (#3)",Three
Secrets and Lace (Fatal Hearts #1),One
Scarlett Epstein Hates It Here,Five
Romero and Juliet: A Tragic Tale of Love and Zombies,One
Redeeming Love,Five
Poses for Artists Volume 1 - Dynamic and Sitting Poses: An Essential Reference for Figure Drawing and the Human Form,One
Poems That Make Grown Women Cry,Four
"Nightingale, Sing",One
Night Sky with Exit Wounds,One
Mrs. Houdini,Five
Modern Romance,Five
Miss Peregrineâs Home for Peculiar Children (Miss Peregrineâs Peculiar Children #1),One
Louisa: The Extraordinary Life of Mrs. Adams,Two
Little Red,Three
Library of Souls (Miss Peregrineâs Peculiar Children #3),Five
Large Print Heart of the Pride,Two
I Had a Nice Time And Other Lies...: How to find love & sh*t like that,Four
Hollow City (Miss Peregrineâs Peculiar Children #2),One
Grumbles,Two
Full Moon over Noahâs Ark: An Odyssey to Mount Ararat and Beyond,Four
Frostbite (Vampire Academy #2),Five
Follow You Home,One
First Steps for New Christians (Print Edition),One
Finders Keepers (Bill Hodges Trilogy #2),Five
"Fables, Vol. 1: Legends in Exile (Fables #1)",Four
Eureka Trivia 6.0,Four
Drive: The Surprising Truth About What Motivates Us,Four
Done Rubbed Out (Reightman & Bailey #1),Five
Doing It Over (Most Likely To #1),Three
"Deliciously Ella Every Day: Quick and Easy Recipes for Gluten-Free Snacks, Packed Lunches, and Simple Meals",Three
Dark Notes,Five
"Daring Greatly: How the Courage to Be Vulnerable Transforms the Way We Live, Love, Parent, and Lead",Three
Close to You,Four
Chasing Heaven: What Dying Taught Me About Living,Two
Big Magic: Creative Living Beyond Fear,Three
Becoming Wise: An Inquiry into the Mystery and Art of Living,Two
Beauty Restored (Riley Family Legacy Novellas #3),Two
Batman: The Long Halloween (Batman),Two
Batman: The Dark Knight Returns (Batman),Five
Ayumi's Violin,Two
Anonymous,Four
Amy Meets the Saints and Sages,Three
Amid the Chaos,One
Amatus,Five
Agnostic: A Spirited Manifesto,Five
Zealot: The Life and Times of Jesus of Nazareth,Three
You (You #1),Five
"Wonder Woman: Earth One, Volume One (Wonder Woman: Earth One #1)",Four
Wild Swans,Two
Why the Right Went Wrong: Conservatism--From Goldwater to the Tea Party and Beyond,Four
Whole Lotta Creativity Going On: 60 Fun and Unusual Exercises to Awaken and Strengthen Your Creativity,Four
What's It Like in Space?: Stories from Astronauts Who've Been There,Two
"We Are Robin, Vol. 1: The Vigilante Business (We Are Robin #1)",One
Walt Disney's Alice in Wonderland,Five
V for Vendetta (V for Vendetta Complete),Four
Until Friday Night (The Field Party #1),Two
"Unbroken: A World War II Story of Survival, Resilience, and Redemption",Two
Twenty Yawns,Two
Through the Woods,Two
This Is Where It Ends,Two
The Year of Magical Thinking,Two
The Wright Brothers,Four
The White Queen (The Cousins' War #1),Five
The Wedding Pact (The O'Malleys #2),Three
The Time Keeper,Five
The Testament of Mary,Four
The Star-Touched Queen,Five
The Songs of the Gods,Five
The Song of Achilles,Five
The Rosie Project (Don Tillman #1),One
The Power of Habit: Why We Do What We Do in Life and Business,Three
The Marriage of Opposites,Four
The Lucifer Effect: Understanding How Good People Turn Evil,One
The Long Haul (Diary of a Wimpy Kid #9),One
The Loney,One
The Literature Book (Big Ideas Simply Explained),Three
The Last Mile (Amos Decker #2),Two
The Immortal Life of Henrietta Lacks,Two
The Hidden Oracle (The Trials of Apollo #1),Two
The Help Yourself Cookbook for Kids: 60 Easy Plant-Based Recipes Kids Can Make to Stay Healthy and Save the Earth,Three
The Guilty (Will Robie #4),Two
The First Hostage (J.B. Collins #2),Three
The Dovekeepers,One
The Darkest Lie,Five
The Bane Chronicles (The Bane Chronicles #1-11),Four
The Bad-Ass Librarians of Timbuktu: And Their Race to Save the Worldâs Most Precious Manuscripts,One
The 14th Colony (Cotton Malone #11),One
That Darkness (Gardiner and Renner #1),One
Tastes Like Fear (DI Marnie Rome #3),One
Take Me with You,Three
Swell: A Year of Waves,One
Superman Vol. 1: Before Truth (Superman by Gene Luen Yang #1),Five
Still Life with Bread Crumbs,Three
Steve Jobs,Five
Sorting the Beef from the Bull: The Science of Food Fraud Forensics,Four
Someone Like You (The Harrisons #2),Five
"So Cute It Hurts!!, Vol. 6 (So Cute It Hurts!! #6)",Four
Shtum,Four
See America: A Celebration of Our National Parks & Treasured Sites,Three
salt.,Four
Robin War,Three
"Red Hood/Arsenal, Vol. 1: Open for Business (Red Hood/Arsenal #1)",Two
Rain Fish,Three
"Quarter Life Poetry: Poems for the Young, Broke and Hangry",Five
Pet Sematary,Three
"Overload: How to Unplug, Unwind, and Unleash Yourself from the Pressure of Stress",Three
Once Was a Time,Two
Old School (Diary of a Wimpy Kid #10),Five
No Dream Is Too High: Life Lessons From a Man Who Walked on the Moon,Two
"Naruto (3-in-1 Edition), Vol. 14: Includes Vols. 40, 41 & 42 (Naruto: Omnibus #14)",Two
My Name Is Lucy Barton,One
My Mrs. Brown,Three
My Kind of Crazy,One
Mr. Mercedes (Bill Hodges Trilogy #1),One
More Than Music (Chasing the Dream #1),Two
Made to Stick: Why Some Ideas Survive and Others Die,Five
Luis Paints the World,Three
Luckiest Girl Alive,Three
Lowriders to the Center of the Earth (Lowriders in Space #2),Two
Love Is a Mix Tape (Music #1),One
Looking for Lovely: Collecting the Moments that Matter,Five
"Living Leadership by Insight: A Good Leader Achieves, a Great Leader Builds Monuments",Four
Let It Out: A Journey Through Journaling,Five
Lady Midnight (The Dark Artifices #1),Five
"It's All Easy: Healthy, Delicious Weeknight Meals in under 30 Minutes",One
Island of Dragons (Unwanteds #7),One
I Know What I'm Doing -- and Other Lies I Tell Myself: Dispatches from a Life Under Construction,Four
I Am Pilgrim (Pilgrim #1),Four
"Hyperbole and a Half: Unfortunate Situations, Flawed Coping Mechanisms, Mayhem, and Other Things That Happened",Five
"Hush, Hush (Hush, Hush #1)",Three
Hold Your Breath (Search and Rescue #1),One
Hamilton: The Revolution,Three
Greek Mythic History,Five
God: The Most Unpleasant Character in All Fiction,Five
Glory over Everything: Beyond The Kitchen House,Three
Feathers: Displays of Brilliant Plumage,Three
"Far & Away: Places on the Brink of Change: Seven Continents, Twenty-Five Years",Four
Every Last Word,Three
Eligible (The Austen Project #4),Three
El Deafo,Five
Eight Hundred Grapes,Four
"Eaternity: More than 150 Deliciously Easy Vegan Recipes for a Long, Healthy, Satisfied, Joyful Life",Five
"Eat Fat, Get Thin",Two
Don't Get Caught,One
Doctor Sleep (The Shining #2),Two
Demigods & Magicians: Percy and Annabeth Meet the Kanes (Percy Jackson & Kane Chronicles Crossover #1-3),Five
Dear Mr. Knightley,Five
Daily Fantasy Sports,One
Crazy Love: Overwhelmed by a Relentless God,Two
Cometh the Hour (The Clifton Chronicles #6),Three
Code Name Verity (Code Name Verity #1),Four
Clockwork Angel (The Infernal Devices #1),One
City of Glass (The Mortal Instruments #3),Four
City of Fallen Angels (The Mortal Instruments #4),Four
City of Bones (The Mortal Instruments #1),One
City of Ashes (The Mortal Instruments #2),One
Cell,Four
Catching Jordan (Hundred Oaks),Three
"Carry On, Warrior: Thoughts on Life Unarmed",Three
Carrie,Two
Buying In: The Secret Dialogue Between What We Buy and Who We Are,Four
Brain on Fire: My Month of Madness,Five
Batman: Europa,Two
Barefoot Contessa Back to Basics,One
Barefoot Contessa at Home: Everyday Recipes You'll Make Over and Over Again,Five
Balloon Animals,Three
Art Ops Vol. 1,Three
Aristotle and Dante Discover the Secrets of the Universe (Aristotle and Dante Discover the Secrets of the Universe #1),Four
Angels Walking (Angels Walking #1),Two
Angels & Demons (Robert Langdon #1),Three
All the Light We Cannot See,Five
"Adulthood Is a Myth: A ""Sarah's Scribbles"" Collection",Two
Abstract City,Five
A Time of Torment (Charlie Parker #14),Five
A Study in Scarlet (Sherlock Holmes #1),Two
"A Series of Catastrophes and Miracles: A True Story of Love, Science, and Cancer",Two
A People's History of the United States,Two
A Man Called Ove,One
A Distant Mirror: The Calamitous 14th Century,Three
A Brush of Wings (Angels Walking #3),One
1491: New Revelations of the Americas Before Columbus,Three
"The Three Searches, Meaning, and the Story",Three
Searching for Meaning in Gailana,One
Rook,Four
My Kitchen Year: 136 Recipes That Saved My Life,Two
13 Hours: The Inside Account of What Really Happened In Benghazi,One
Will You Won't You Want Me?,Three
Tipping Point for Planet Earth: How Close Are We to the Edge?,One
The Star-Touched Queen,Five
The Silent Sister (Riley MacPherson #1),Five
The Midnight Watch: A Novel of the Titanic and the Californian,One
The Lonely City: Adventures in the Art of Being Alone,Two
The Gray Rhino: How to Recognize and Act on the Obvious Dangers We Ignore,Four
The Golden Condom: And Other Essays on Love Lost and Found,One
The Epidemic (The Program 0.6),Five
The Dinner Party,Two
The Diary of a Young Girl,Three
The Children,Three
Stars Above (The Lunar Chronicles #4.5),Two
Snatched: How A Drug Queen Went Undercover for the DEA and Was Kidnapped By Colombian Guerillas,Three
Raspberry Pi Electronics Projects for the Evil Genius,Four
Quench Your Own Thirst: Business Lessons Learned Over a Beer or Two,One
Psycho: Sanitarium (Psycho #1.5),Five
Poisonous (Max Revere Novels #3),Three
One with You (Crossfire #5),Four
No Love Allowed (Dodge Cove #1),Four
Murder at the 42nd Street Library (Raymond Ambler #1),Four
Most Wanted,Three
"Love, Lies and Spies",Two
How to Speak Golf: An Illustrated Guide to Links Lingo,Five
Hide Away (Eve Duncan #20),One
Furiously Happy: A Funny Book About Horrible Things,Four
Everyday Italian: 125 Simple and Delicious Recipes,Five
Equal Is Unfair: America's Misguided Fight Against Income Inequality,One
Eleanor & Park,Five
Dirty (Dive Bar #1),Four
Can You Keep a Secret? (Fear Street Relaunch #4),One
Boar Island (Anna Pigeon #19),Three
A Paris Apartment,Four
"A la Mode: 120 Recipes in 60 Pairings: Pies, Tarts, Cakes, Crisps, and More Topped with Ice Cream, Gelato, Frozen Custard, and More",One
Troublemaker: Surviving Hollywood and Scientology,Two
The Widow,Two
"The Sleep Revolution: Transforming Your Life, One Night at a Time",Four
The Improbability of Love,One
The Art of Startup Fundraising,Three
Take Me Home Tonight (Rock Star Romance #3),Three
Sleeping Giants (Themis Files #1),One
"Setting the World on Fire: The Brief, Astonishing Life of St. Catherine of Siena",Two
Playing with Fire,Three
Off the Hook (Fishing for Trouble #1),Three
Mothering Sunday,Two
"Mother, Can You Not?",Five
M Train,One
Lilac Girls,Two
Lies and Other Acts of Love,One
Lab Girl,One
Keep Me Posted,Four
It Didn't Start with You: How Inherited Family Trauma Shapes Who We Are and How to End the Cycle,Three
Grey (Fifty Shades #4),Four
"Exit, Pursued by a Bear",Four
Daredevils,Three
Cravings: Recipes for What You Want to Eat,Three
Born for This: How to Find the Work You Were Meant to Do,Five
Arena,Four
Adultery,Five
A Mother's Reckoning: Living in the Aftermath of Tragedy,Three
A Gentleman's Position (Society of Gentlemen #3),Five
11/22/63,Three
"10% Happier: How I Tamed the Voice in My Head, Reduced Stress Without Losing My Edge, and Found Self-Help That Actually Works",Two
10-Day Green Smoothie Cleanse: Lose Up to 15 Pounds in 10 Days!,Five
Without Shame,Five
Watchmen,Four
Unlimited Intuition Now,Four
Underlying Notes,Two
The Shack,One
The New Brand You: Your New Image Makes the Sale for You,Five
"The Moosewood Cookbook: Recipes from Moosewood Restaurant, Ithaca, New York",Four
The Flowers Lied,Two
"The Fabric of the Cosmos: Space, Time, and the Texture of Reality",One
The Book of Mormon,Three
The Art and Science of Low Carbohydrate Living,Five
The Alien Club,One
Suzie Snowflake: One beautiful flake (a self-esteem story),Five
Nap-a-Roo,One
"NaNo What Now? Finding your editing process, revising your NaNoWriMo book and building a writing career through publishing and beyond",Four
Modern Day Fables,Two
If I Gave You God's Phone Number....: Searching for Spirituality in America,One
"Fruits Basket, Vol. 9 (Fruits Basket #9)",Four
Dress Your Family in Corduroy and Denim,Three
Don't Forget Steven,One
Chernobyl 01:23:40: The Incredible True Story of the World's Worst Nuclear Disaster,Two
Art and Fear: Observations on the Perils (and Rewards) of Artmaking,Four
A Shard of Ice (The Black Symphony Saga #1),Three
A Hero's Curse (The Unseen Chronicles #1),Three
23 Degrees South: A Tropical Tale of Changing Whether...,Two
"Zero to One: Notes on Startups, or How to Build the Future",Three
Why Not Me?,One
When Breath Becomes Air,Two
Vagabonding: An Uncommon Guide to the Art of Long-Term World Travel,Two
The Unlikely Pilgrimage of Harold Fry (Harold Fry #1),Five
The New Drawing on the Right Side of the Brain,Three
"The Midnight Assassin: Panic, Scandal, and the Hunt for America's First Serial Killer",Four
The Martian (The Martian #1),Two
The High Mountains of Portugal,One
The Grownup,One
The E-Myth Revisited: Why Most Small Businesses Don't Work and What to Do About It,One
South of Sunshine,One
Smarter Faster Better: The Secrets of Being Productive in Life and Business,Five
Silence in the Dark (Logan Point #4),Three
Shadows of the Past (Logan Point #1),Five
Roller Girl,Five
Rising Strong,Three
Proofs of God: Classical Arguments from Tertullian to Barth,One
Please Kill Me: The Uncensored Oral History of Punk,Four
Out of Print: City Lights Spotlight No. 14,Five
My Life Next Door (My Life Next Door ),Five
Miller's Valley,Two
Man's Search for Meaning,Three
"Love That Boy: What Two Presidents, Eight Road Trips, and My Son Taught Me About a Parent's Expectations",Two
Living Forward: A Proven Plan to Stop Drifting and Get the Life You Want,Three
Les Fleurs du Mal,Five
Left Behind (Left Behind #1),Two
Kill 'Em and Leave: Searching for James Brown and the American Soul,Five
Kierkegaard: A Christian Missionary to Christians,One
John Vassos: Industrial Design for Modern Life,Four
I'll Give You the Sun,One
I Will Find You,One
Hystopia: A Novel,Four
Howl and Other Poems,Two
History of Beauty,Four
Heaven is for Real: A Little Boy's Astounding Story of His Trip to Heaven and Back,Two
Future Shock (Future Shock #1),Five
Ender's Game (The Ender Quintet #1),One
Diary of a Citizen Scientist: Chasing Tiger Beetles and Other New Ways of Engaging the World,One
Death by Leisure: A Cautionary Tale,Four
Brilliant Beacons: A History of the American Lighthouse,Three
Brazen: The Courage to Find the You That's Been Hiding,Two
Between the World and Me,Four
Being Mortal: Medicine and What Matters in the End,Four
"A Murder Over a Girl: Justice, Gender, Junior High",Three
32 Yolks,Two
"""Most Blessed of the Patriarchs"": Thomas Jefferson and the Empire of the Imagination",Five
You Are a Badass: How to Stop Doubting Your Greatness and Start Living an Awesome Life,Three
Wildlife of New York: A Five-Borough Coloring Book,Two
What Happened on Beale Street (Secrets of the South Mysteries #2),Five
Unreasonable Hope: Finding Faith in the God Who Brings Purpose to Your Pain,Two
Under the Tuscan Sun,Three
Toddlers Are A**holes: It's Not Your Fault,One
The Year of Living Biblically: One Man's Humble Quest to Follow the Bible as Literally as Possible,One
The Whale,Four
The Story of Art,Four
The Origin of Species,Four
The Great Gatsby,Four
The Good Girl,Three
The Glass Castle,One
The Faith of Christopher Hitchens: The Restless Soul of the World's Most Notorious Atheist,One
The Drowning Girls,Three
The Constant Princess (The Tudor Court #1),Three
The Bourne Identity (Jason Bourne #1),Four
The Bachelor Girl's Guide to Murder (Herringford and Watts Mysteries #1),Five
The Art Book,Two
The 7 Habits of Highly Effective People: Powerful Lessons in Personal Change,Four
Team of Rivals: The Political Genius of Abraham Lincoln,Five
Steal Like an Artist: 10 Things Nobody Told You About Being Creative,Two
"Sit, Stay, Love",Three
Sister Dear,Four
"Shrunken Treasures: Literary Classics, Short, Sweet, and Silly",Three
"Rich Dad, Poor Dad",One
Raymie Nightingale,Two
Playing from the Heart,One
Nightstruck: A Novel,Four
"Naturally Lean: 125 Nourishing Gluten-Free, Plant-Based Recipes--All Under 300 Calories",Five
Meternity,Three
Memoirs of a Geisha,Three
Like Never Before (Walker Family #2),Two
Life of Pi,Four
Leave This Song Behind: Teen Poetry at Its Best,Five
King's Folly (The Kinsman Chronicles #1),Five
John Adams,Four
How to Cook Everything Vegetarian: Simple Meatless Recipes for Great Food (How to Cook Everything),Four
How to Be a Domestic Goddess: Baking and the Art of Comfort Cooking,Two
Good in Bed (Cannie Shapiro #1),Five
"Fruits Basket, Vol. 7 (Fruits Basket #7)",One
For the Love: Fighting for Grace in a World of Impossible Standards,Three
Finding God in the Ruins: How God Redeems Pain,Two
Every Heart a Doorway (Every Heart A Doorway #1),Five
Delivering the Truth (Quaker Midwife Mystery #1),Four
Counted With the Stars (Out from Egypt #1),Five
"Chronicles, Vol. 1",Two
Blue Like Jazz: Nonreligious Thoughts on Christian Spirituality,One
Benjamin Franklin: An American Life,Three
"At The Existentialist CafÃ©: Freedom, Being, and apricot cocktails with: Jean-Paul Sartre, Simone de Beauvoir, Albert Camus, Martin Heidegger, Edmund Husserl, Karl Jaspers, Maurice Merleau-Ponty and others",Five
A Summer In Europe,Two
A Short History of Nearly Everything,Five
A Gathering of Shadows (Shades of Magic #2),Four
The Sound Of Love,Five
The Rise and Fall of the Third Reich: A History of Nazi Germany,Two
The Perks of Being a Wallflower,Three
The Mysterious Affair at Styles (Hercule Poirot #1),Four
The Man Who Mistook His Wife for a Hat and Other Clinical Tales,Four
The Makings of a Fatherless Child,Two
The Joy of Cooking,Four
The Invention of Wings,One
The Hobbit (Middle-Earth Universe),Five
The Great Railway Bazaar,One
The Golden Compass (His Dark Materials #1),One
The God Delusion,Three
The Girl You Left Behind (The Girl You Left Behind #1),One
The Fellowship of the Ring (The Lord of the Rings #1),Two
The Collected Poems of W.B. Yeats (The Collected Works of W.B. Yeats #1),Five
The Barefoot Contessa Cookbook,Five
Tell the Wolves I'm Home,Two
Ship Leaves Harbor: Essays on Travel by a Recovering Journeyman,Three
Pride and Prejudice,Four
Musicophilia: Tales of Music and the Brain,One
Mere Christianity,Three
Me Before You (Me Before You #1),One
In the Woods (Dublin Murder Squad #1),Two
In Cold Blood,Four
How to Stop Worrying and Start Living,Five
Give It Back,Two
"Girl, Interrupted",Three
Fun Home: A Family Tragicomic,Four
"Fruits Basket, Vol. 6 (Fruits Basket #6)",Four
Deception Point,Four
"Death Note, Vol. 6: Give-and-Take (Death Note #6)",Three
Catherine the Great: Portrait of a Woman,Four
Better Homes and Gardens New Cook Book,Three
An Unquiet Mind: A Memoir of Moods and Madness,Three
A Year in Provence (Provence #1),Four
World Without End (The Pillars of the Earth #2),Four
"Will Grayson, Will Grayson (Will Grayson, Will Grayson)",Four
Why Save the Bankers?: And Other Essays on Our Economic and Political Crisis,Two
Where She Went (If I Stay #2),Four
What If?: Serious Scientific Answers to Absurd Hypothetical Questions,Four
Two Summers,One
This Is Your Brain on Music: The Science of a Human Obsession,One
The Secret Garden,Four
The Raven King (The Raven Cycle #4),Two
The Raven Boys (The Raven Cycle #1),Four
The Power Greens Cookbook: 140 Delicious Superfood Recipes,Five
The Metamorphosis,One
The Mathews Men: Seven Brothers and the War Against Hitler's U-boats,Five
The Little Paris Bookshop,Three
The Hiding Place,Four
The Grand Design,Three
The Firm,Three
The Fault in Our Stars,One
The False Prince (The Ascendance Trilogy #1),Five
The Expatriates,Two
The Dream Thieves (The Raven Cycle #2),One
The Darkest Corners,Five
The Crossover,Four
The 5th Wave (The 5th Wave #1),Two
Tell the Wind and Fire,Three
Tell Me Three Things,One
Talking to Girls About Duran Duran: One Young Man's Quest for True Love and a Cooler Haircut,Four
Siddhartha,Five
Shiver (The Wolves of Mercy Falls #1),Five
Remember Me?,Three
Red Dragon (Hannibal Lecter #1),Three
Peak: Secrets from the New Science of Expertise,Two
My Mother Was Nuts,Four
Mexican Today: New and Rediscovered Recipes for Contemporary Kitchens,Five
Maybe Something Beautiful: How Art Transformed a Neighborhood,One
Lola and the Boy Next Door (Anna and the French Kiss #2),Four
Logan Kade (Fallen Crest High #5.5),Two
Last One Home (New Beginnings #1),Three
Killing Floor (Jack Reacher #1),Four
Kill the Boy Band,Five
Isla and the Happily Ever After (Anna and the French Kiss #3),Five
If I Stay (If I Stay #1),Five
I Know Why the Caged Bird Sings (Maya Angelou's Autobiography #1),Two
Harry Potter and the Deathly Hallows (Harry Potter #7),One
"Fruits Basket, Vol. 5 (Fruits Basket #5)",One
Foundation (Foundation (Publication Order) #1),One
Fool Me Once,One
Find Her (Detective D.D. Warren #8),One
Evicted: Poverty and Profit in the American City,One
Drama,Two
Dracula the Un-Dead,Five
Digital Fortress,Five
"Death Note, Vol. 5: Whiteout (Death Note #5)",One
"Data, A Love Story: How I Gamed Online Dating to Meet My Match",Three
Critique of Pure Reason,One
Booked,Five
"Blue Lily, Lily Blue (The Raven Cycle #3)",Five
Approval Junkie: Adventures in Caring Too Much,Five
An Abundance of Katherines,Five
America's War for the Greater Middle East: A Military History,Two
Alight (The Generations Trilogy #2),Four
A Girl's Guide to Moving On (New Beginnings #2),One
A Game of Thrones (A Song of Ice and Fire #1),Two
A Feast for Crows (A Song of Ice and Fire #4),Four
A Clash of Kings (A Song of Ice and Fire #2),Three
Vogue Colors A to Z: A Fashion Coloring Book,Four
The Shining (The Shining #1),Three
The Pilgrim's Progress,Two
The Perfect Play (Play by Play #1),Three
The Passion of Dolssa,Five
The Jazz of Physics: The Secret Link Between Music and the Structure of the Universe,Three
The Hunger Games (The Hunger Games #1),Five
The Hound of the Baskervilles (Sherlock Holmes #5),Two
The Gunning of America: Business and the Making of American Gun Culture,Four
The Geography of Bliss: One Grump's Search for the Happiest Places in the World,Two
The Demonists (Demonist #1),Two
"The Demon Prince of Momochi House, Vol. 4 (The Demon Prince of Momochi House #4)",Two
The Bone Hunters (Lexy Vaughan & Steven Macaulay #2),Three
The Beast (Black Dagger Brotherhood #14),Five
Some Women,Five
Shopaholic Ties the Knot (Shopaholic #3),Five
Paper and Fire (The Great Library #2),Five
Outlander (Outlander #1),Five
"Orchestra of Exiles: The Story of Bronislaw Huberman, the Israel Philharmonic, and the One Thousand Jews He Saved from Nazi Horrors",Three
No One Here Gets Out Alive,Five
Night Shift (Night Shift #1-20),Four
Needful Things,Four
Mockingjay (The Hunger Games #3),Four
Misery,Two
Little Women (Little Women #1),Four
It,Three
Harry Potter and the Sorcerer's Stone (Harry Potter #1),Three
Harry Potter and the Prisoner of Azkaban (Harry Potter #3),Four
Harry Potter and the Order of the Phoenix (Harry Potter #5),Four
Harry Potter and the Half-Blood Prince (Harry Potter #6),Five
Harry Potter and the Chamber of Secrets (Harry Potter #2),One
Gone with the Wind,Three
God Is Not Great: How Religion Poisons Everything,One
Girl With a Pearl Earring,One
"Fruits Basket, Vol. 4 (Fruits Basket #4)",Four
Far From True (Promise Falls Trilogy #2),Two
Dark Lover (Black Dagger Brotherhood #1),One
Confessions of a Shopaholic (Shopaholic #1),Two
Changing the Game (Play by Play #2),Three
Candide,Three
Can You Keep a Secret?,One
Atlas Shrugged,Five
Animal Farm,Three
A Walk to Remember,One
A New Earth: Awakening to Your Life's Purpose,Five
"A History of God: The 4,000-Year Quest of Judaism, Christianity, and Islam",One
'Salem's Lot,Four
Zero History (Blue Ant #3),One
Wuthering Heights,Three
World War Z: An Oral History of the Zombie War,One
Wild: From Lost to Found on the Pacific Crest Trail,Three
"Where'd You Go, Bernadette",One
When You Are Engulfed in Flames,Five
We the People: The Modern-Day Figures Who Have Reshaped and Affirmed the Founding Fathers' Vision of America,Three
We Are All Completely Beside Ourselves,One
Walk the Edge (Thunder Road #2),Three
Voyager (Outlander #3),Five
Very Good Lives: The Fringe Benefits of Failure and the Importance of Imagination,Three
Vegan Vegetarian Omnivore: Dinner for Everyone at the Table,Two
"Unstuffed: Decluttering Your Home, Mind, and Soul",One
Under the Banner of Heaven: A Story of Violent Faith,One
Two Boys Kissing,Two
Twilight (Twilight #1),Two
Twenties Girl,Two
"Trespassing Across America: One Man's Epic, Never-Done-Before (and Sort of Illegal) Hike Across the Heartland",One
Three-Martini Lunch,Three
"Thinking, Fast and Slow",One
The Wild Robot,Three
"The Wicked + The Divine, Vol. 3: Commercial Suicide (The Wicked + The Divine)",Three
The Undomestic Goddess,Four
The Travelers,One
The Tipping Point: How Little Things Can Make a Big Difference,Two
The Thing About Jellyfish,One
The Stand,Two
The Smitten Kitchen Cookbook,One
The Silkworm (Cormoran Strike #2),Five
"The Sandman, Vol. 3: Dream Country (The Sandman (volumes) #3)",Five
The Rose & the Dagger (The Wrath and the Dawn #2),Four
The Road to Little Dribbling: Adventures of an American in Britain (Notes From a Small Island #2),One
The Rise of Theodore Roosevelt (Theodore Roosevelt #1),Three
The Restaurant at the End of the Universe (Hitchhiker's Guide to the Galaxy #2),One
The Rest Is Noise: Listening to the Twentieth Century,One
The Red Tent,Five
The Purpose Driven Life: What on Earth Am I Here for?,Three
The Purest Hook (Second Circle Tattoos #3),One
The Picture of Dorian Gray,Two
The Paris Wife,Three
The Obsession,One
The Nightingale,Four
The New Guy (and Other Senior Year Distractions),Three
The Nanny Diaries (Nanny #1),Five
The Name of God is Mercy,Two
The Maze Runner (The Maze Runner #1),One
The Lover's Dictionary,Two
The Lonely Ones,Five
The Lean Startup: How Today's Entrepreneurs Use Continuous Innovation to Create Radically Successful Businesses,Three
The Last Painting of Sara de Vos,Two
"The Land of 10,000 Madonnas",Four
The Infinities,One
The Husband's Secret,Five
The Hitchhiker's Guide to the Galaxy (Hitchhiker's Guide to the Galaxy #1),Three
The Guns of August,Two
The Guernsey Literary and Potato Peel Pie Society,One
The Goldfinch,Three
The Giver (The Giver Quartet #1),One
The Girl with All the Gifts,Three
The Girl Who Played with Fire (Millennium Trilogy #2),Two
The Girl Who Kicked the Hornet's Nest (Millennium Trilogy #3),One
The Exiled,Three
"The End of Faith: Religion, Terror, and the Future of Reason",Four
"The Elegant Universe: Superstrings, Hidden Dimensions, and the Quest for the Ultimate Theory",Four
"The Disappearing Spoon: And Other True Tales of Madness, Love, and the History of the World from the Periodic Table of the Elements",Five
The Devil Wears Prada (The Devil Wears Prada #1),One
The Demon-Haunted World: Science as a Candle in the Dark,Four
The Day the Crayons Came Home (Crayons),Five
The Da Vinci Code (Robert Langdon #2),Two
The Cuckoo's Calling (Cormoran Strike #1),One
The Complete Stories and Poems (The Works of Edgar Allan Poe [Cameo Edition]),Four
The Complete Poems,Five
The Catcher in the Rye,One
The Cat in the Hat (Beginner Books B-1),Two
The Case for Christ (Cases for Christianity),One
The Book Thief,Two
The Book of Basketball: The NBA According to The Sports Guy,Five
The Blind Side: Evolution of a Game,Five
The Autobiography of Malcolm X,Two
"The Art of Simple Food: Notes, Lessons, and Recipes from a Delicious Revolution",Three
The Art of Fielding,One
"Surely You're Joking, Mr. Feynman!: Adventures of a Curious Character",Two
Stiff: The Curious Lives of Human Cadavers,Three
Spilled Milk: Based on a True Story,One
Something Borrowed (Darcy & Rachel #1),Five
Something Blue (Darcy & Rachel #2),One
Soldier (Talon #3),Two
Shopaholic & Baby (Shopaholic #5),Two
Seven Days in the Art World,Two
Seven Brief Lessons on Physics,Four
Scarlet (The Lunar Chronicles #2),Four
Sarah's Key,One
"Saga, Volume 3 (Saga (Collected Editions) #3)",Five
Running with Scissors,Four
Rogue Lawyer (Rogue Lawyer #1),Three
"Rise of the Rocket Girls: The Women Who Propelled Us, from Missiles to the Moon to Mars",Four
Rework,Two
Reservations for Two,Three
Red: The True Story of Red Riding Hood,Three
Ready Player One,Four
Quiet: The Power of Introverts in a World That Can't Stop Talking,One
Prodigy: The Graphic Novel (Legend: The Graphic Novel #2),Three
Persepolis: The Story of a Childhood (Persepolis #1-2),One
Packing for Mars: The Curious Science of Life in the Void,Two
Outliers: The Story of Success,One
Original Fake,Three
Orange Is the New Black,Two
One for the Money (Stephanie Plum #1),Two
Notes from a Small Island (Notes From a Small Island #1),One
Night (The Night Trilogy #1),One
Neither Here nor There: Travels in Europe,Three
Naked,Three
Morning Star (Red Rising #3),One
"Miracles from Heaven: A Little Girl, Her Journey to Heaven, and Her Amazing Story of Healing",One
Midnight Riot (Peter Grant/ Rivers of London - books #1),Two
Me Talk Pretty One Day,Two
Manuscript Found in Accra,Two
Lust & Wonder,Two
Lila (Gilead #3),Three
"Life, the Universe and Everything (Hitchhiker's Guide to the Galaxy #3)",Two
Life Without a Recipe,Five
Life After Life,Two
Letter to a Christian Nation,One
Let's Pretend This Never Happened: A Mostly True Memoir,One
Legend (Legend #1),Four
"Lean In: Women, Work, and the Will to Lead",One
"Lamb: The Gospel According to Biff, Christ's Childhood Pal",Five
Lady Renegades (Rebel Belle #3),Five
Jurassic Park (Jurassic Park #1),One
It's Never Too Late to Begin Again: Discovering Creativity and Meaning at Midlife and Beyond,One
Is Everyone Hanging Out Without Me? (And Other Concerns),Three
Into the Wild,Five
Inferno (Robert Langdon #4),Five
"In the Garden of Beasts: Love, Terror, and an American Family in Hitler's Berlin",Three
If I Run (If I Run #1),Four
I've Got Your Number,One
I Am Malala: The Girl Who Stood Up for Education and Was Shot by the Taliban,Two
Hungry Girl Clean & Hungry: Easy All-Natural Recipes for Healthy Eating in the Real World,Three
"House of Lost Worlds: Dinosaurs, Dynasties, and the Story of Life on Earth",Two
House of Leaves,One
Horrible Bear!,Two
Holidays on Ice,Two
Heir to the Sky,Four
Green Eggs and Ham (Beginner Books B-16),Four
"Grayson, Vol 3: Nemesis (Grayson #3)",One
Gratitude,Five
Gone Girl,Five
Golden (Heart of Dread #3),Four
Girl in the Blue Coat,Two
"Fruits Basket, Vol. 3 (Fruits Basket #3)",Two
"Friday Night Lights: A Town, a Team, and a Dream",Three
Fire Bound (Sea Haven/Sisters of the Heart #5),Four
Fifty Shades Freed (Fifty Shades #3),Five
Fellside,One
Extreme Prey (Lucas Davenport #26),Three
Eragon (The Inheritance Cycle #1),Three
Eclipse (Twilight #3),One
Dune (Dune #1),One
Dracula,Three
Do Androids Dream of Electric Sheep? (Blade Runner #1),One
Disrupted: My Misadventure in the Start-Up Bubble,Five
Dead Wake: The Last Crossing of the Lusitania,Five
"David and Goliath: Underdogs, Misfits, and the Art of Battling Giants",One
Darkfever (Fever #1),One
Dark Places,Five
Crazy Rich Asians (Crazy Rich Asians #1),Five
Counting Thyme,One
Cosmos,Two
Civilization and Its Discontents,Two
Cinder (The Lunar Chronicles #1),One
Catastrophic Happiness: Finding Joy in Childhood's Messy Years,Two
Career of Evil (Cormoran Strike #3),Two
Breaking Dawn (Twilight #4),Five
Brave Enough,Five
Boy Meets Boy,Three
"Born to Run: A Hidden Tribe, Superathletes, and the Greatest Race the World Has Never Seen",Two
Blink: The Power of Thinking Without Thinking,Five
Black Flags: The Rise of ISIS,One
"Black Butler, Vol. 1 (Black Butler #1)",One
Big Little Lies,One
Between Shades of Gray,Five
Best of My Love (Fool's Gold #20),Two
Beowulf,Two
Beautiful Creatures (Caster Chronicles #1),Five
Awkward,Two
Ash,Four
Are We There Yet?,Three
Are We Smart Enough to Know How Smart Animals Are?,One
Annie on My Mind,Five
And Then There Were None,Two
A Walk in the Woods: Rediscovering America on the Appalachian Trail,Four
A Visit from the Goon Squad,Five
A Storm of Swords (A Song of Ice and Fire #3),Two
A Heartbreaking Work of Staggering Genius,Five
8 Keys to Mental Health Through Exercise,One
#GIRLBOSS,One
"The Suffragettes (Little Black Classics, #96)",Two
The Sense of an Ending,Three
"The Sandman, Vol. 2: The Doll's House (The Sandman (volumes) #2)",One
The Course of Love,Three
Sugar Rush (Offensive Line #2),One
"Saga, Volume 2 (Saga (Collected Editions) #2)",Three
"Run, Spot, Run: The Ethics of Keeping Pets",One
New Moon (Twilight #2),Four
Life,Five
Kindle Paperwhite User's Guide,Three
H is for Hawk,Five
Girl Online On Tour (Girl Online #2),One
"Fruits Basket, Vol. 2 (Fruits Basket #2)",Five
Diary of a Minecraft Zombie Book 1: A Scare of a Dare (An Unofficial Minecraft Book),Four
"Y: The Last Man, Vol. 1: Unmanned (Y: The Last Man #1)",Four
While You Were Mine,Five
Where Lightning Strikes (Bleeding Stars #3),Three
When I'm Gone,Three
Ways of Seeing,Five
"Vampire Knight, Vol. 1 (Vampire Knight #1)",One
Vampire Girl (Vampire Girl #1),Two
Twenty Love Poems and a Song of Despair,Four
Travels with Charley: In Search of America,Five
Three Wishes (River of Time: California #1),Two
This One Moment (Pushing Limits #1),One
The Zombie Room,Five
"The Wicked + The Divine, Vol. 1: The Faust Act (The Wicked + The Divine)",Two
The Tumor,Five
The Story of Hong Gildong,Four
The Silent Wife,Five
The Silent Twin (Detective Jennifer Knight #3),Three
The Selfish Gene,One
The Secret Healer,Three
"The Sandman, Vol. 1: Preludes and Nocturnes (The Sandman (volumes) #1)",Three
The Republic,Three
The Odyssey,Three
The No. 1 Ladies' Detective Agency (No. 1 Ladies' Detective Agency #1),Four
The Nicomachean Ethics,One
The Name of the Wind (The Kingkiller Chronicle #1),Three
The Mirror & the Maze (The Wrath and the Dawn #1.5),One
The Little Prince,Two
The Light of the Fireflies,One
The Last Girl (The Dominion Trilogy #1),Two
The Iliad,One
The Hook Up (Game On #1),Five
The Haters,Five
The Girl You Lost,Five
The Girl In The Ice (DCI Erika Foster #1),Three
The End of the Jesus Era (An Investigation #1),One
The Edge of Reason (Bridget Jones #2),Four
The Complete Maus (Maus #1-2),Three
The Communist Manifesto,Three
The Bhagavad Gita,Three
The Bette Davis Club,Three
The Art of Not Breathing,Four
Taking Shots (Assassins #1),Two
Starlark,Three
"Skip Beat!, Vol. 01 (Skip Beat! #1)",Three
Sister Sable (The Mad Queen #1),Three
Shatter Me (Shatter Me #1),One
Shameless,Three
Shadow Rites (Jane Yellowrock #10),Four
Settling the Score (The Summer Games #1),Two
Sense and Sensibility,One
"Saga, Volume 1 (Saga (Collected Editions) #1)",One
"Rhythm, Chord & Malykhin",Two
"Rat Queens, Vol. 1: Sass & Sorcery (Rat Queens (Collected Editions) #1-5)",Five
Paradise Lost (Paradise #1),One
"Paper Girls, Vol. 1 (Paper Girls #1-5)",Four
"Ouran High School Host Club, Vol. 1 (Ouran High School Host Club #1)",Three
Origins (Alphas 0.5),One
One Second (Seven #7),Two
On the Road (Duluoz Legend),Three
Old Records Never Die: One Man's Quest for His Vinyl and His Past,Two
Off Sides (Off #1),Five
Of Mice and Men,Two
Myriad (Prentor #1),Four
My Perfect Mistake (Over the Top #1),Two
"Ms. Marvel, Vol. 1: No Normal (Ms. Marvel (2014-2015) #1)",Four
Meditations,Two
Matilda,One
Lost Among the Living,Four
Lord of the Flies,Three
Listen to Me (Fusion #1),Three
Kitchens of the Great Midwest,Five
Jane Eyre,Five
Imperfect Harmony,Four
Icing (Aces Hockey #2),Four
"Hawkeye, Vol. 1: My Life as a Weapon (Hawkeye #1)",Three
Having the Barbarian's Baby (Ice Planet Barbarians #7.5),Four
"Giant Days, Vol. 1 (Giant Days #1-4)",Four
"Fruits Basket, Vol. 1 (Fruits Basket #1)",Five
Frankenstein,Two
Forever Rockers (The Rocker #12),Three
Fighting Fate (Fighting #6),Three
Emma,Two
"Eat, Pray, Love",Three
Deep Under (Walker Security #1),Five
Choosing Our Religion: The Spiritual Lives of America's Nones,Four
Charlie and the Chocolate Factory (Charlie Bucket #1),Three
Charity's Cross (Charles Towne Belles #4),One
Bright Lines,Five
Bridget Jones's Diary (Bridget Jones #1),One
Bounty (Colorado Mountain #7),Four
Blood Defense (Samantha Brinkman #1),Three
"Bleach, Vol. 1: Strawberry and the Soul Reapers (Bleach #1)",Five
Beyond Good and Evil,One
Alice in Wonderland (Alice's Adventures in Wonderland #1),One
"Ajin: Demi-Human, Volume 1 (Ajin: Demi-Human #1)",Four
A Spy's Devotion (The Regency Spies of London #1),Five
1st to Die (Women's Murder Club #1),One
"1,000 Places to See Before You Die",Five
